<?xml version="1.0" encoding="UTF-8"?>
<project-private xmlns="http://www.netbeans.org/ns/project-private/1">
    <editor-bookmarks xmlns="http://www.netbeans.org/ns/editor-bookmarks/2" lastBookmarkId="0"/>
    <open-files xmlns="http://www.netbeans.org/ns/projectui-open-files/2">
        <group>
            <file>file:/C:/Users/Nabid's%20Laptop/Documents/NetBeansProjects/Pharmacy/src/pharmacy/Baki.java</file>
            <file>file:/C:/Users/Nabid's%20Laptop/Documents/NetBeansProjects/Pharmacy/src/pharmacy/CustomerInfo.java</file>
            <file>file:/C:/Users/Nabid's%20Laptop/Documents/NetBeansProjects/Pharmacy/src/pharmacy/bakiTK.java</file>
            <file>file:/C:/Users/Nabid's%20Laptop/Documents/NetBeansProjects/Pharmacy/src/pharmacy/allInfo.java</file>
        </group>
    </open-files>
</project-private>
